file,function,line
docs/original_julia/src/utils/exaustive_solver.jl,new,13
docs/original_julia/src/utils/exaustive_solver.jl,read_or,48
docs/original_julia/src/utils/exaustive_solver.jl,case_to_bits,100
docs/original_julia/src/utils/exaustive_solver.jl,calc_or,105
docs/original_julia/src/utils/exaustive_solver.jl,get_value,113
docs/original_julia/src/utils/alias.jl,as_key,7
docs/original_julia/src/utils/alias.jl,new_path_id,16
docs/original_julia/src/utils/alias.jl,as_key,21
docs/original_julia/src/utils/alias.jl,as_key,27
docs/original_julia/src/utils/alias.jl,to_string,31
docs/original_julia/src/utils/alias.jl,to_string,35
docs/original_julia/src/utils/checker.jl,test_all,3
docs/original_julia/src/utils/checker.jl,test,13
docs/original_julia/src/utils/checker.jl,get_value,53
docs/original_julia/src/sat_machine/sat_machine.jl,new,25
docs/original_julia/src/sat_machine/sat_machine.jl,is_finished,57
docs/original_julia/src/sat_machine/sat_machine.jl,have_solution,61
docs/original_julia/src/sat_machine/sat_machine.jl,have_gpaths_step,110
docs/original_julia/src/sat_machine/sat_machine.jl,get_gpath_solutions,114
docs/original_julia/src/sat_machine/sat_machine.jl,get_gpath_list,122
docs/original_julia/src/sat_machine/sat_machine.jl,plot_gpaths,132
docs/original_julia/src/sat_machine/sat_machine_pow.jl,new,25
docs/original_julia/src/sat_machine/sat_machine_pow.jl,is_finished,66
docs/original_julia/src/sat_machine/sat_machine_pow.jl,have_solution,70
docs/original_julia/src/sat_machine/sat_machine_pow.jl,have_gpaths_step,135
docs/original_julia/src/sat_machine/sat_machine_pow.jl,get_gpath_solutions,139
docs/original_julia/src/sat_machine/sat_machine_pow.jl,plot_gpaths,148
docs/original_julia/src/graph_path/graph_path_constructor.jl,new,1
docs/original_julia/src/graph_path/graph_path_visual.jl,build,27
docs/original_julia/src/graph_path/graph_path_visual.jl,to_png,35
docs/original_julia/src/graph_path/graph_path_visual.jl,draw_owners,99
docs/original_julia/src/graph_path/graph_path_visual.jl,get_key_node,141
docs/original_julia/src/graph_path/graph_path_visual.jl,to_list,145
docs/original_julia/src/graph_path/graph_path_join.jl,is_valid_join,12
docs/original_julia/src/graph_path/graph_path_filter.jl,is_valid_node,198
docs/original_julia/src/graph_map/graph_map_visual.jl,build,26
docs/original_julia/src/graph_map/graph_map_visual.jl,to_png,34
docs/original_julia/src/graph_map/graph_map_visual.jl,draw_owners,98
docs/original_julia/src/graph_map/graph_map_visual.jl,get_key_node,132
docs/original_julia/src/graph_map/graph_map_visual.jl,to_list,136
docs/original_julia/src/graph_map/graph_map.jl,new,25
docs/original_julia/src/graph_map/graph_map.jl,get_ids_step,37
docs/original_julia/src/graph_map/graph_map.jl,for_each_node_step,41
docs/original_julia/src/graph_map/graph_map.jl,get_node,50
docs/original_julia/src/graph_map/graph_map.jl,get_ids_last_step,54
docs/original_julia/src/graph_pow/graph_pow_abstract_node.jl,get_node_set_owners,1
docs/original_julia/src/graph_pow/graph_pow_abstract_node.jl,kind_node,16
docs/original_julia/src/graph_pow/graph_pow_abstract_node.jl,is_kind_literal,26
docs/original_julia/src/graph_pow/graph_pow_abstract_node.jl,kind_node,27
docs/original_julia/src/graph_pow/graph_pow_abstract_node.jl,is_owner,38
docs/original_julia/src/graph_pow/graph_pow_abstract_node.jl,is_pending_to_remove,42
docs/original_julia/src/graph_pow/graph_pow_abstract_node.jl,get_node_parents_owners,46
docs/original_julia/src/graph_pow/graph_pow_abstract_node.jl,get_node_sons_owners,66
docs/original_julia/src/graph_pow/graph_pow_visual.jl,build,14
docs/original_julia/src/graph_pow/graph_pow_visual.jl,to_png,22
docs/original_julia/src/graph_pow/graph_pow_visual.jl,draw_owners,85
docs/original_julia/src/graph_pow/graph_pow_visual.jl,get_key_node,126
docs/original_julia/src/graph_pow/graph_pow_visual.jl,to_list,130
docs/original_julia/src/graph_pow/graph_pow_join.jl,is_valid_join,24
docs/original_julia/src/graph_pow/graph_pow.jl,new,24
docs/original_julia/src/graph_path/reader/path_reader.jl,new,28
docs/original_julia/src/graph_path/reader/path_exp_reader.jl,new,28
docs/original_julia/src/db/path/cols/path_col_lines.jl,new,15
docs/original_julia/src/db/path/cols/path_col_lines.jl,for_each,34
docs/original_julia/src/db/path/cols/path_col_lines.jl,for_each_on_step,53
docs/original_julia/src/db/path/cols/path_col_lines.jl,get_step,63
docs/original_julia/src/db/path/cols/path_col_lines.jl,get_ids_step,71
docs/original_julia/src/db/path/cols/path_col_lines.jl,get_node,87
docs/original_julia/src/db/path/cols/path_col_nodes.jl,new,14
docs/original_julia/src/db/path/cols/path_col_nodes.jl,for_each,36
docs/original_julia/src/db/path/cols/path_col_nodes.jl,get_node,56
docs/original_julia/src/db/path/cols/path_col_nodes.jl,is_empty,78
docs/original_julia/src/db/path/docs/path_doc_owners.jl,new,14
docs/original_julia/src/db/path/docs/path_doc_owners.jl,is_valid,22
docs/original_julia/src/db/path/docs/path_doc_owners.jl,have,26
docs/original_julia/src/db/path/docs/path_doc_owners.jl,get,30
docs/original_julia/src/db/path/docs/path_doc_owners.jl,is_owner,76
docs/original_julia/src/db/path/docs/path_doc_owners.jl,to_string,157
docs/original_julia/src/db/path/docs/path_doc_owners.jl,to_string,177
docs/original_julia/src/db/path/docs/path_doc_node.jl,new,15
docs/original_julia/src/db/path/docs/path_doc_node.jl,is_root,26
docs/original_julia/src/db/path/docs/path_doc_node.jl,get_step,30
docs/original_julia/src/db/path/docs/path_doc_node.jl,is_valid,71
docs/original_julia/src/db/machine/cols/col_timeline_step.jl,new,12
docs/original_julia/src/db/machine/cols/col_timeline_step.jl,for_each_gpath,18
docs/original_julia/src/db/machine/cols/col_timeline_pow_step.jl,new,12
docs/original_julia/src/db/machine/cols/col_timeline_pow_step.jl,for_each_gpath,18
docs/original_julia/src/db/machine/cols/col_timeline.jl,new,13
docs/original_julia/src/db/machine/cols/col_timeline.jl,get_counter_graphs_step,25
docs/original_julia/src/db/machine/cols/col_timeline.jl,get_step,39
docs/original_julia/src/db/machine/cols/col_timeline.jl,for_each_gpath,67
docs/original_julia/src/db/machine/cols/col_timeline_pow.jl,new,13
docs/original_julia/src/db/machine/cols/col_timeline_pow.jl,get_counter_graphs_step,25
docs/original_julia/src/db/machine/cols/col_timeline_pow.jl,get_step,39
docs/original_julia/src/db/machine/cols/col_timeline_pow.jl,for_each_gpath,67
docs/original_julia/src/db/map/cols/map_col_vars.jl,new,8
docs/original_julia/src/db/map/cols/map_col_vars.jl,clean_title,18
docs/original_julia/src/db/map/cols/map_col_vars.jl,is_neg,24
docs/original_julia/src/db/map/cols/map_col_vars.jl,get_step_var,28
docs/original_julia/src/db/map/cols/map_col_vars.jl,get_step_neg_var,44
docs/original_julia/src/db/map/cols/map_col_nodes.jl,new,13
docs/original_julia/src/db/map/cols/map_col_nodes.jl,get_node,21
docs/original_julia/src/db/map/cols/map_col_lines.jl,new,15
docs/original_julia/src/db/map/cols/map_col_lines.jl,get_step,21
docs/original_julia/src/db/map/cols/map_col_lines.jl,get_ids_step,29
docs/original_julia/src/db/map/cols/map_col_lines.jl,get_node,46
docs/original_julia/src/db/map/docs/map_doc_node.jl,new,13
docs/original_julia/src/graph_pow/reader/path_pow_reader.jl,new,18
docs/original_julia/src/graph_pow/reader/path_pow_exp_reader.jl,new,18
